from,to
Main Street Vehicles,Walt Disney World Railroad
Main Street Vehicles,Jungle Cruise
Main Street Vehicles,Swiss Family Treehouse
Main Street Vehicles,Walt Disney's Enchanted Tiki Room
Main Street Vehicles,Country Bear Jamboree
Main Street Vehicles,Frontierland Shootin' Arcade
Main Street Vehicles,The Hall of Presidents
Main Street Vehicles,Haunted Mansion
Main Street Vehicles,Liberty Square Riverboat
Main Street Vehicles,Cinderella Castle
Main Street Vehicles,Dumbo the Flying Elephant
Main Street Vehicles,“it's a small world”
Main Street Vehicles,Mad Tea Party
Main Street Vehicles,Peter Pan's Flight
Main Street Vehicles,Prince Charming Regal Carrousel
Main Street Vehicles,Tomorrowland Speedway
Walt Disney World Railroad,Jungle Cruise
Walt Disney World Railroad,Swiss Family Treehouse
Walt Disney World Railroad,Walt Disney's Enchanted Tiki Room
Walt Disney World Railroad,Country Bear Jamboree
Walt Disney World Railroad,Frontierland Shootin' Arcade
Walt Disney World Railroad,The Hall of Presidents
Walt Disney World Railroad,Haunted Mansion
Walt Disney World Railroad,Liberty Square Riverboat
Walt Disney World Railroad,Cinderella Castle
Walt Disney World Railroad,Dumbo the Flying Elephant
Walt Disney World Railroad,“it's a small world”
Walt Disney World Railroad,Mad Tea Party
Walt Disney World Railroad,Peter Pan's Flight
Walt Disney World Railroad,Prince Charming Regal Carrousel
Walt Disney World Railroad,Tomorrowland Speedway
Jungle Cruise,Swiss Family Treehouse
Jungle Cruise,Walt Disney's Enchanted Tiki Room
Jungle Cruise,Country Bear Jamboree
Jungle Cruise,Frontierland Shootin' Arcade
Jungle Cruise,The Hall of Presidents
Jungle Cruise,Haunted Mansion
Jungle Cruise,Liberty Square Riverboat
Jungle Cruise,Cinderella Castle
Jungle Cruise,Dumbo the Flying Elephant
Jungle Cruise,“it's a small world”
Jungle Cruise,Mad Tea Party
Jungle Cruise,Peter Pan's Flight
Jungle Cruise,Prince Charming Regal Carrousel
Jungle Cruise,Tomorrowland Speedway
Swiss Family Treehouse,Walt Disney's Enchanted Tiki Room
Swiss Family Treehouse,Country Bear Jamboree
Swiss Family Treehouse,Frontierland Shootin' Arcade
Swiss Family Treehouse,The Hall of Presidents
Swiss Family Treehouse,Haunted Mansion
Swiss Family Treehouse,Liberty Square Riverboat
Swiss Family Treehouse,Cinderella Castle
Swiss Family Treehouse,Dumbo the Flying Elephant
Swiss Family Treehouse,“it's a small world”
Swiss Family Treehouse,Mad Tea Party
Swiss Family Treehouse,Peter Pan's Flight
Swiss Family Treehouse,Prince Charming Regal Carrousel
Swiss Family Treehouse,Tomorrowland Speedway
Walt Disney's Enchanted Tiki Room,Country Bear Jamboree
Walt Disney's Enchanted Tiki Room,Frontierland Shootin' Arcade
Walt Disney's Enchanted Tiki Room,The Hall of Presidents
Walt Disney's Enchanted Tiki Room,Haunted Mansion
Walt Disney's Enchanted Tiki Room,Liberty Square Riverboat
Walt Disney's Enchanted Tiki Room,Cinderella Castle
Walt Disney's Enchanted Tiki Room,Dumbo the Flying Elephant
Walt Disney's Enchanted Tiki Room,“it's a small world”
Walt Disney's Enchanted Tiki Room,Mad Tea Party
Walt Disney's Enchanted Tiki Room,Peter Pan's Flight
Walt Disney's Enchanted Tiki Room,Prince Charming Regal Carrousel
Walt Disney's Enchanted Tiki Room,Tomorrowland Speedway
Country Bear Jamboree,Frontierland Shootin' Arcade
Country Bear Jamboree,The Hall of Presidents
Country Bear Jamboree,Haunted Mansion
Country Bear Jamboree,Liberty Square Riverboat
Country Bear Jamboree,Cinderella Castle
Country Bear Jamboree,Dumbo the Flying Elephant
Country Bear Jamboree,“it's a small world”
Country Bear Jamboree,Mad Tea Party
Country Bear Jamboree,Peter Pan's Flight
Country Bear Jamboree,Prince Charming Regal Carrousel
Country Bear Jamboree,Tomorrowland Speedway
Frontierland Shootin' Arcade,The Hall of Presidents
Frontierland Shootin' Arcade,Haunted Mansion
Frontierland Shootin' Arcade,Liberty Square Riverboat
Frontierland Shootin' Arcade,Cinderella Castle
Frontierland Shootin' Arcade,Dumbo the Flying Elephant
Frontierland Shootin' Arcade,“it's a small world”
Frontierland Shootin' Arcade,Mad Tea Party
Frontierland Shootin' Arcade,Peter Pan's Flight
Frontierland Shootin' Arcade,Prince Charming Regal Carrousel
Frontierland Shootin' Arcade,Tomorrowland Speedway
The Hall of Presidents,Haunted Mansion
The Hall of Presidents,Liberty Square Riverboat
The Hall of Presidents,Cinderella Castle
The Hall of Presidents,Dumbo the Flying Elephant
The Hall of Presidents,“it's a small world”
The Hall of Presidents,Mad Tea Party
The Hall of Presidents,Peter Pan's Flight
The Hall of Presidents,Prince Charming Regal Carrousel
The Hall of Presidents,Tomorrowland Speedway
Haunted Mansion,Liberty Square Riverboat
Haunted Mansion,Cinderella Castle
Haunted Mansion,Dumbo the Flying Elephant
Haunted Mansion,“it's a small world”
Haunted Mansion,Mad Tea Party
Haunted Mansion,Peter Pan's Flight
Haunted Mansion,Prince Charming Regal Carrousel
Haunted Mansion,Tomorrowland Speedway
Liberty Square Riverboat,Cinderella Castle
Liberty Square Riverboat,Dumbo the Flying Elephant
Liberty Square Riverboat,“it's a small world”
Liberty Square Riverboat,Mad Tea Party
Liberty Square Riverboat,Peter Pan's Flight
Liberty Square Riverboat,Prince Charming Regal Carrousel
Liberty Square Riverboat,Tomorrowland Speedway
Cinderella Castle,Dumbo the Flying Elephant
Cinderella Castle,“it's a small world”
Cinderella Castle,Mad Tea Party
Cinderella Castle,Peter Pan's Flight
Cinderella Castle,Prince Charming Regal Carrousel
Cinderella Castle,Tomorrowland Speedway
Dumbo the Flying Elephant,“it's a small world”
Dumbo the Flying Elephant,Mad Tea Party
Dumbo the Flying Elephant,Peter Pan's Flight
Dumbo the Flying Elephant,Prince Charming Regal Carrousel
Dumbo the Flying Elephant,Tomorrowland Speedway
“it's a small world”,Mad Tea Party
“it's a small world”,Peter Pan's Flight
“it's a small world”,Prince Charming Regal Carrousel
“it's a small world”,Tomorrowland Speedway
Mad Tea Party,Peter Pan's Flight
Mad Tea Party,Prince Charming Regal Carrousel
Mad Tea Party,Tomorrowland Speedway
Peter Pan's Flight,Prince Charming Regal Carrousel
Peter Pan's Flight,Tomorrowland Speedway
Prince Charming Regal Carrousel,Tomorrowland Speedway
Pirates of the Caribbean,Tom Sawyer Island
Astro Orbiter,Astro Orbiter
Space Mountain,Tomorrowland Transit Authority PeopleMover
Space Mountain,Walt Disney's Carousel of Progress
Tomorrowland Transit Authority PeopleMover,Walt Disney's Carousel of Progress
Big Thunder Mountain Railroad,Big Thunder Mountain Railroad
Splash Mountain,Splash Mountain
The Barnstormer,The Barnstormer
Buzz Lightyear's Space Ranger Spin,Buzz Lightyear's Space Ranger Spin
The Many Adventures of Winnie the Pooh,The Many Adventures of Winnie the Pooh
The Magic Carpets of Aladdin,The Magic Carpets of Aladdin
Mickey's PhilharMagic,Mickey's PhilharMagic
Stitch's Great Escape,Stitch's Great Escape
"Monsters, Inc. Laugh Floor","Monsters, Inc. Laugh Floor"
Sorcerers of the Magic Kingdom,Casey Jr. Splash 'N' Soak Station
Sorcerers of the Magic Kingdom,Enchanted Tales with Belle
Sorcerers of the Magic Kingdom,Under the Sea ~ Journey of the Little Mermaid
Casey Jr. Splash 'N' Soak Station,Enchanted Tales with Belle
Casey Jr. Splash 'N' Soak Station,Under the Sea ~ Journey of the Little Mermaid
Enchanted Tales with Belle,Under the Sea ~ Journey of the Little Mermaid
A Pirate’s Adventure ~ Treasures of the Seven Seas,A Pirate’s Adventure ~ Treasures of the Seven Seas
Seven Dwarfs Mine Train,Seven Dwarfs Mine Train
